{
   "dashboards": [{
      "autoswitchEnabled": false,
      "columnCount": 1,
      "columnProportion": "1-1",
      "creationTime": 1606748539896,
      "dashboardNavigations": {},
      "description": "",
      "disabled": false,
      "gridsterMaxColumns": 12,
      "hidden": false,
      "homeTab": false,
      "id": "420b07a8-7ba0-4a82-b870-9906e1403f6b",
      "importAttempts": 0,
      "importComplete": true,
      "lastUpdateTime": 1645454688710,
      "lastUpdateUserId": "ecd92cea-a19e-4d13-8615-35d2c26b391b",
      "locked": false,
      "name": "Alex - K8S costing - Cluster",
      "rank": 0,
      "shared": false,
      "states": [],
      "temporary": false,
      "userId": "ecd92cea-a19e-4d13-8615-35d2c26b391b",
      "widgetInteractions": [],
      "widgets": [
         {
            "collapsed": false,
            "config": {
               "chartViewItems": [],
               "isUpdatedView": true,
               "refreshContent": {"refreshContent": true},
               "refreshInterval": 300,
               "resource": {
                  "id": "Ext.vcops.chrome.model.Resource-5",
                  "resourceId": "resource:id:0_::_",
                  "resourceKindId": "002009ContainerEnvironment",
                  "resourceName": "Alex K8S platform",
                  "traversalSpecId": ""
               },
               "selectFirstRow": {"selectFirstRow": false},
               "selfProvider": {"selfProvider": true},
               "title": "Alex K8S Cluster - Projected Monthly Cost",
               "traversalSpecId": null,
               "viewDefinitionId": "45727640-7d83-414f-802b-d4abd73826a9"
            },
            "gridsterCoords": {
               "h": 6,
               "w": 5,
               "x": 1,
               "y": 1
            },
            "height": 324,
            "id": "089b5be7-f33e-4c65-9699-59c04960cfab",
            "title": "Alex K8S Cluster - Projected Monthly Cost",
            "type": "View"
         },
         {
            "collapsed": false,
            "config": {
               "chartViewItems": [
                  "legend",
                  "labels",
                  "title"
               ],
               "isUpdatedView": true,
               "refreshContent": {"refreshContent": true},
               "refreshInterval": 300,
               "resource": {
                  "id": "Ext.vcops.chrome.model.Resource-16",
                  "resourceId": "resource:id:0_::_",
                  "resourceKindId": "002009ContainerEnvironment",
                  "resourceName": "Alex K8S platform",
                  "traversalSpecId": ""
               },
               "selectFirstRow": {"selectFirstRow": false},
               "selfProvider": {"selfProvider": true},
               "title": "Cost per VM worker node (Projected Monthly)",
               "traversalSpecId": null,
               "viewDefinitionId": "2d0f4dc9-fcc2-49f6-8e6d-cf3c81eec79a"
            },
            "gridsterCoords": {
               "h": 6,
               "w": 6,
               "x": 6,
               "y": 1
            },
            "height": 324,
            "id": "204f1c02-80f6-4de1-a099-20d9e4298f1e",
            "title": "Cost per VM worker node (Projected Monthly)",
            "type": "View"
         },
         {
            "collapsed": false,
            "config": {
               "imageType": "circle",
               "metricKey": "cost|effectiveDailyCost",
               "metricType": {"metricType": "custom"},
               "metricUnit": -1,
               "metricValue": "Effective Daily Cost (\u20ac)",
               "refreshContent": {"refreshContent": true},
               "refreshInterval": 300,
               "resourceKindId": "resourceKind:id:0_::_",
               "resources": [
                  {
                     "id": "7a073a49-6c8b-4e25-8ffd-9a4877cb9ef9",
                     "name": "vra-006634"
                  },
                  {
                     "id": "b47796c4-8bf2-4e84-b7a9-415b0d4d1e13",
                     "name": "vra-006635"
                  },
                  {
                     "id": "b1d5d31a-fed0-4baf-8acb-d85ab3e1b776",
                     "name": "vra-006636"
                  }
               ],
               "selfProvider": {"selfProvider": true},
               "title": "Effective daily Cost of VM Nodes (cpu, ram, disk, additional)"
            },
            "gridsterCoords": {
               "h": 4,
               "w": 5,
               "x": 1,
               "y": 7
            },
            "height": 210,
            "id": "4b0312c4-8105-45dc-a4a9-cc60ac92a13e",
            "title": "Effective daily Cost of VM Nodes (cpu, ram, disk, additional)",
            "type": "ScoreboardHealth"
         },
         {
            "collapsed": false,
            "config": {
               "imageType": "circle",
               "metricKey": "cost|monthlyTotalCost",
               "metricType": {"metricType": "custom"},
               "metricUnit": -1,
               "metricValue": "MTD Total Cost (\u20ac)",
               "refreshContent": {"refreshContent": true},
               "refreshInterval": 300,
               "resourceKindId": "resourceKind:id:0_::_",
               "resources": [
                  {
                     "id": "7a073a49-6c8b-4e25-8ffd-9a4877cb9ef9",
                     "name": "vra-006634"
                  },
                  {
                     "id": "b47796c4-8bf2-4e84-b7a9-415b0d4d1e13",
                     "name": "vra-006635"
                  },
                  {
                     "id": "b1d5d31a-fed0-4baf-8acb-d85ab3e1b776",
                     "name": "vra-006636"
                  }
               ],
               "selfProvider": {"selfProvider": true},
               "title": "MTD Total Cost of VM Nodes"
            },
            "gridsterCoords": {
               "h": 4,
               "w": 6,
               "x": 6,
               "y": 7
            },
            "height": 210,
            "id": "bcf17860-4ae0-4d05-b5da-9222ceb7141f",
            "title": "MTD Total Cost of VM Nodes",
            "type": "ScoreboardHealth"
         },
         {
            "collapsed": false,
            "config": {
               "customFilter": {
                  "excludedResources": null,
                  "filter": [],
                  "includedResources": null
               },
               "depth": 1,
               "metric": {
                  "mode": "resource",
                  "resourceKindMetrics": [],
                  "resourceMetrics": [
                     {
                        "colorMethod": 2,
                        "handleOldColoring": false,
                        "id": "extModel32688-1",
                        "isStringMetric": false,
                        "metricKey": "cost|effectiveDailyCost",
                        "metricName": "Cost|Effective Daily Cost",
                        "metricUnitId": "currency",
                        "orangeBound": null,
                        "redBound": null,
                        "resourceId": "resource:id:1_::_",
                        "resourceKindId": "002006VMWAREVirtualMachine",
                        "resourceName": "vra-006634",
                        "unit": "\u20ac",
                        "yellowBound": null
                     },
                     {
                        "colorMethod": 2,
                        "handleOldColoring": false,
                        "id": "extModel32688-2",
                        "isStringMetric": false,
                        "metricKey": "cost|effectiveDailyCost",
                        "metricName": "Cost|Effective Daily Cost",
                        "metricUnitId": "currency",
                        "orangeBound": null,
                        "redBound": null,
                        "resourceId": "resource:id:2_::_",
                        "resourceKindId": "002006VMWAREVirtualMachine",
                        "resourceName": "vra-006635",
                        "unit": "\u20ac",
                        "yellowBound": null
                     },
                     {
                        "colorMethod": 2,
                        "handleOldColoring": false,
                        "id": "extModel32688-3",
                        "isStringMetric": false,
                        "metricKey": "cost|effectiveDailyCost",
                        "metricName": "Cost|Effective Daily Cost",
                        "metricUnitId": "currency",
                        "orangeBound": null,
                        "redBound": null,
                        "resourceId": "resource:id:3_::_",
                        "resourceKindId": "002006VMWAREVirtualMachine",
                        "resourceName": "vra-006636",
                        "unit": "\u20ac",
                        "yellowBound": null
                     }
                  ]
               },
               "refreshContent": {"refreshContent": true},
               "refreshInterval": 300,
               "relationshipMode": {"relationshipMode": 0},
               "resInteractionMode": null,
               "resource": [],
               "selfProvider": {"selfProvider": true},
               "title": "Effective daily Cost of VM Nodes (cpu, ram, disk, additional) over time"
            },
            "gridsterCoords": {
               "h": 11,
               "w": 5,
               "x": 1,
               "y": 11
            },
            "height": 609,
            "id": "41e9c6e5-576f-4058-a8bc-5e8557e6b3e3",
            "states": [
               {
                  "key": "permMetricChart_widget_420b07a8-7ba0-4a82-b870-9906e1403f6b_41e9c6e5-576f-4058-a8bc-5e8557e6b3e3",
                  "value": "o%3A"
               },
               {
                  "key": "permDateRange1_permMetricChart_widget_420b07a8-7ba0-4a82-b870-9906e1403f6b_41e9c6e5-576f-4058-a8bc-5e8557e6b3e3",
                  "value": "s%3A%7B%22dateRange%22%3A%22last7Days%22%2C%22dateFrom%22%3Anull%2C%22dateTo%22%3Anull%2C%22timeFrom%22%3Anull%2C%22timeTo%22%3Anull%7D"
               },
               {
                  "key": "permBtn_stackedGraph_permMetricChart_widget_420b07a8-7ba0-4a82-b870-9906e1403f6b_41e9c6e5-576f-4058-a8bc-5e8557e6b3e3",
                  "value": "b%3A1"
               },
               {
                  "key": "permBtn_zoomAllGraphs_permMetricChart_widget_420b07a8-7ba0-4a82-b870-9906e1403f6b_41e9c6e5-576f-4058-a8bc-5e8557e6b3e3",
                  "value": "b%3A0"
               },
               {
                  "key": "perm_toolbarVisible_widget_420b07a8-7ba0-4a82-b870-9906e1403f6b_41e9c6e5-576f-4058-a8bc-5e8557e6b3e3",
                  "value": "b%3A1"
               },
               {
                  "key": "permBtn_pan_permMetricChart_widget_420b07a8-7ba0-4a82-b870-9906e1403f6b_41e9c6e5-576f-4058-a8bc-5e8557e6b3e3",
                  "value": "b%3A0"
               },
               {
                  "key": "permBtn_splitGraphs_permMetricChart_widget_420b07a8-7ba0-4a82-b870-9906e1403f6b_41e9c6e5-576f-4058-a8bc-5e8557e6b3e3",
                  "value": "b%3A0"
               }
            ],
            "title": "Effective daily Cost of VM Nodes (cpu, ram, disk, additional) over time",
            "type": "MetricChart"
         },
         {
            "collapsed": false,
            "config": {
               "customFilter": {
                  "excludedResources": null,
                  "filter": [],
                  "includedResources": null
               },
               "depth": 1,
               "metric": {
                  "mode": "resource",
                  "resourceKindMetrics": [],
                  "resourceMetrics": [
                     {
                        "colorMethod": 2,
                        "handleOldColoring": false,
                        "id": "extModel5624-1",
                        "isStringMetric": false,
                        "metricKey": "cost|monthlyTotalCost",
                        "metricName": "Cost|MTD Total Cost",
                        "metricUnitId": "currency",
                        "orangeBound": null,
                        "redBound": null,
                        "resourceId": "resource:id:1_::_",
                        "resourceKindId": "002006VMWAREVirtualMachine",
                        "resourceName": "vra-006634",
                        "unit": "\u20ac",
                        "yellowBound": null
                     },
                     {
                        "colorMethod": 2,
                        "handleOldColoring": false,
                        "id": "extModel5624-5",
                        "isStringMetric": false,
                        "metricKey": "cost|monthlyTotalCost",
                        "metricName": "Cost|MTD Total Cost",
                        "metricUnitId": "currency",
                        "orangeBound": null,
                        "redBound": null,
                        "resourceId": "resource:id:2_::_",
                        "resourceKindId": "002006VMWAREVirtualMachine",
                        "resourceName": "vra-006635",
                        "unit": "\u20ac",
                        "yellowBound": null
                     },
                     {
                        "colorMethod": 2,
                        "handleOldColoring": false,
                        "id": "extModel5624-6",
                        "isStringMetric": false,
                        "metricKey": "cost|monthlyTotalCost",
                        "metricName": "Cost|MTD Total Cost",
                        "metricUnitId": "currency",
                        "orangeBound": null,
                        "redBound": null,
                        "resourceId": "resource:id:3_::_",
                        "resourceKindId": "002006VMWAREVirtualMachine",
                        "resourceName": "vra-006636",
                        "unit": "\u20ac",
                        "yellowBound": null
                     }
                  ]
               },
               "refreshContent": {"refreshContent": true},
               "refreshInterval": 300,
               "relationshipMode": {"relationshipMode": 0},
               "resInteractionMode": null,
               "resource": [],
               "selfProvider": {"selfProvider": true},
               "title": "MTD Total Cost of VM Nodes over time"
            },
            "gridsterCoords": {
               "h": 11,
               "w": 6,
               "x": 6,
               "y": 11
            },
            "height": 608,
            "id": "7c1b2ddc-f58c-4f42-a764-fc08b6e2b8bc",
            "states": [
               {
                  "key": "permBtn_zoomAllGraphs_permMetricChart_widget_420b07a8-7ba0-4a82-b870-9906e1403f6b_7c1b2ddc-f58c-4f42-a764-fc08b6e2b8bc",
                  "value": "b%3A0"
               },
               {
                  "key": "permBtn_splitGraphs_permMetricChart_widget_420b07a8-7ba0-4a82-b870-9906e1403f6b_7c1b2ddc-f58c-4f42-a764-fc08b6e2b8bc",
                  "value": "b%3A0"
               },
               {
                  "key": "perm_toolbarVisible_widget_420b07a8-7ba0-4a82-b870-9906e1403f6b_7c1b2ddc-f58c-4f42-a764-fc08b6e2b8bc",
                  "value": "b%3A1"
               },
               {
                  "key": "permMetricChart_widget_420b07a8-7ba0-4a82-b870-9906e1403f6b_7c1b2ddc-f58c-4f42-a764-fc08b6e2b8bc",
                  "value": "o%3A"
               },
               {
                  "key": "permBtn_pan_permMetricChart_widget_420b07a8-7ba0-4a82-b870-9906e1403f6b_7c1b2ddc-f58c-4f42-a764-fc08b6e2b8bc",
                  "value": "b%3A0"
               },
               {
                  "key": "permDateRange1_permMetricChart_widget_420b07a8-7ba0-4a82-b870-9906e1403f6b_7c1b2ddc-f58c-4f42-a764-fc08b6e2b8bc",
                  "value": "s%3A%7B%22dateRange%22%3A%22last7Days%22%2C%22dateFrom%22%3Anull%2C%22dateTo%22%3Anull%2C%22timeFrom%22%3Anull%2C%22timeTo%22%3Anull%7D"
               }
            ],
            "title": "MTD Total Cost of VM Nodes over time",
            "type": "MetricChart"
         }
      ]
   }],
   "entries": {
      "resource": [
         {
            "adapterKindKey": "VMWARE",
            "identifiers": [
               {
                  "key": "VMEntityObjectID",
                  "value": "vm-8011"
               },
               {
                  "key": "VMEntityVCID",
                  "value": "e52fc130-7552-4be5-9225-111a7af603a3"
               }
            ],
            "internalId": "resource:id:1_::_",
            "name": "vra-006634",
            "resourceKindKey": "VirtualMachine"
         },
         {
            "adapterKindKey": "VMWARE",
            "identifiers": [
               {
                  "key": "VMEntityObjectID",
                  "value": "vm-8013"
               },
               {
                  "key": "VMEntityVCID",
                  "value": "e52fc130-7552-4be5-9225-111a7af603a3"
               }
            ],
            "internalId": "resource:id:3_::_",
            "name": "vra-006636",
            "resourceKindKey": "VirtualMachine"
         },
         {
            "adapterKindKey": "VMWARE",
            "identifiers": [
               {
                  "key": "VMEntityObjectID",
                  "value": "vm-8012"
               },
               {
                  "key": "VMEntityVCID",
                  "value": "e52fc130-7552-4be5-9225-111a7af603a3"
               }
            ],
            "internalId": "resource:id:2_::_",
            "name": "vra-006635",
            "resourceKindKey": "VirtualMachine"
         },
         {
            "adapterKindKey": "Container",
            "identifiers": [],
            "internalId": "resource:id:0_::_",
            "name": "Alex K8S platform",
            "resourceKindKey": "Environment"
         }
      ],
      "resourceKind": [{
         "adapterKindKey": "VMWARE",
         "internalId": "resourceKind:id:0_::_",
         "resourceKindKey": "VirtualMachine"
      }]
   },
   "uuid": "7de040de-c99c-43b5-83e2-73ad0cf9042e"
}