{
   "dashboards": [{
      "autoswitchEnabled": false,
      "columnCount": 1,
      "columnProportion": "1-1",
      "creationTime": 1645430968912,
      "dashboardNavigations": {},
      "description": "",
      "disabled": false,
      "gridsterMaxColumns": 12,
      "hidden": false,
      "homeTab": false,
      "id": "32adb349-c1fe-4c6d-91aa-901dcab55d4e",
      "importAttempts": 0,
      "importComplete": true,
      "lastUpdateTime": 1645455501577,
      "lastUpdateUserId": "ecd92cea-a19e-4d13-8615-35d2c26b391b",
      "locked": false,
      "name": "Alex -2- K8S costing - Pods",
      "rank": 0,
      "shared": false,
      "states": [{
         "key": "permDashboardTime_dashboard_32adb349-c1fe-4c6d-91aa-901dcab55d4e",
         "value": "o%3AdateRange%3Ds%253Alast7Days%5EdateRangeText%3Ds%253A7D"
      }],
      "temporary": false,
      "userId": "ecd92cea-a19e-4d13-8615-35d2c26b391b",
      "widgetInteractions": [{
         "type": "resourceId",
         "widgetIdProvider": "99dc9565-9425-496d-a7ee-ffb710d4c91d",
         "widgetIdReceiver": "664a9539-329a-4c5e-b279-dfb8a5a8d809"
      }],
      "widgets": [
         {
            "collapsed": false,
            "config": {
               "additionalColumns": [],
               "customFilter": {
                  "excludedResources": null,
                  "filter": [],
                  "includedResources": null
               },
               "depth": 1,
               "filterMode": "tagPicker",
               "mode": "resource",
               "refreshContent": {"refreshContent": true},
               "refreshInterval": 300,
               "relationshipMode": {"relationshipMode": 0},
               "resource": [
                  {
                     "id": "resource:id:0_::_",
                     "name": "vra-006635.cpod-vrealize.az-fkd.cloud-garage.net"
                  },
                  {
                     "id": "resource:id:1_::_",
                     "name": "vra-006634.cpod-vrealize.az-fkd.cloud-garage.net"
                  },
                  {
                     "id": "resource:id:2_::_",
                     "name": "vra-006636.cpod-vrealize.az-fkd.cloud-garage.net"
                  }
               ],
               "selectFirstRow": {"selectFirstRow": true},
               "selfProvider": {"selfProvider": true},
               "tagFilter": null,
               "title": "Selext a K8S node"
            },
            "gridsterCoords": {
               "h": 7,
               "w": 4,
               "x": 1,
               "y": 1
            },
            "height": 380,
            "id": "99dc9565-9425-496d-a7ee-ffb710d4c91d",
            "states": [
               {
                  "key": "perm_toolbarVisible_widget_32adb349-c1fe-4c6d-91aa-901dcab55d4e_99dc9565-9425-496d-a7ee-ffb710d4c91d",
                  "value": "b%3A0"
               },
               {
                  "key": "permResGrid_widget_32adb349-c1fe-4c6d-91aa-901dcab55d4e_99dc9565-9425-496d-a7ee-ffb710d4c91d",
                  "value": "o%3Acolumns%3Da%253Ao%25253Aid%25253Ds%2525253Ah1%25255Ehidden%25253Db%2525253A1%25255Ewidth%25253Dn%2525253A100%255Eo%25253Aid%25253Ds%2525253Ah2%25255Ewidth%25253Dn%2525253A231%255Eo%25253Aid%25253Ds%2525253Ah3%25255Ehidden%25253Db%2525253A1%25255Ewidth%25253Dn%2525253A100%255Eo%25253Aid%25253Ds%2525253Ah4%255Eo%25253Aid%25253Ds%2525253Ah5%255Eo%25253Aid%25253Ds%2525253Ah6%255Eo%25253Aid%25253Ds%2525253Ah7%25255Ehidden%25253Db%2525253A1%25255Ewidth%25253Dn%2525253A100%255Eo%25253Aid%25253Ds%2525253Ah8%25255Ehidden%25253Db%2525253A1%25255Ewidth%25253Dn%2525253A100%255Eo%25253Aid%25253Ds%2525253Ah9%25255Ehidden%25253Db%2525253A1%25255Ewidth%25253Dn%2525253A100%255Eo%25253Aid%25253Ds%2525253Ah10%25255Ehidden%25253Db%2525253A1%25255Ewidth%25253Dn%2525253A100%255Eo%25253Aid%25253Ds%2525253Ah11%25255Ehidden%25253Db%2525253A1%25255Ewidth%25253Dn%2525253A100%255Eo%25253Aid%25253Ds%2525253Ah12%25255Ehidden%25253Db%2525253A1%25255Ewidth%25253Dn%2525253A100%255Eo%25253Aid%25253Ds%2525253Ah13%25255Ehidden%25253Db%2525253A1%25255Ewidth%25253Dn%2525253A100%255Eo%25253Aid%25253Ds%2525253Ah14%255Eo%25253Aid%25253Ds%2525253Ah15%25255Ehidden%25253Db%2525253A0%255Eo%25253Aid%25253Ds%2525253Ah16%25255Ehidden%25253Db%2525253A1%25255Ewidth%25253Dn%2525253A100%255Eo%25253Aid%25253Ds%2525253AresourceRating%25255Ehidden%25253Db%2525253A1%255Eo%25253Aid%25253Ds%2525253Ah18%25255Ehidden%25253Db%2525253A1%25255Ewidth%25253Dn%2525253A100%255Eo%25253Aid%25253Ds%2525253Ah19%25255Ehidden%25253Db%2525253A1%25255Ewidth%25253Dn%2525253A100%255Eo%25253Aid%25253Ds%2525253Ah20%25255Ehidden%25253Db%2525253A1%25255Ewidth%25253Dn%2525253A100%255Eo%25253Aid%25253Ds%2525253Ah21%25255Ehidden%25253Db%2525253A1%25255Ewidth%25253Dn%2525253A100%255Eo%25253Aid%25253Ds%2525253Ah22%25255Ehidden%25253Db%2525253A1%25255Ewidth%25253Dn%2525253A100%255Eo%25253Aid%25253Ds%2525253Ah23%25255Ehidden%25253Db%2525253A1%25255Ewidth%25253Dn%2525253A100%255Eo%25253Aid%25253Ds%2525253Ah24%25255Ehidden%25253Db%2525253A1%25255Ewidth%25253Dn%2525253A100%255Eo%25253Aid%25253Ds%2525253Ah25%25255Ehidden%25253Db%2525253A1%25255Ewidth%25253Dn%2525253A100%255Eo%25253Aid%25253Ds%2525253Ah26%25255Ehidden%25253Db%2525253A1%25255Ewidth%25253Dn%2525253A100%255Eo%25253Aid%25253Ds%2525253Ah27%25255Ehidden%25253Db%2525253A1%25255Ewidth%25253Dn%2525253A100%255Eo%25253Aid%25253Ds%2525253Ah28%25255Ehidden%25253Db%2525253A1%25255Ewidth%25253Dn%2525253A100%255Eo%25253Aid%25253Ds%2525253Ah29%25255Ehidden%25253Db%2525253A1%25255Ewidth%25253Dn%2525253A100%255Eo%25253Aid%25253Ds%2525253Ah30%25255Ehidden%25253Db%2525253A1%25255Ewidth%25253Dn%2525253A100%255Eo%25253Aid%25253Ds%2525253Ah31%25255Ehidden%25253Db%2525253A1%25255Ewidth%25253Dn%2525253A100%255Eo%25253Aid%25253Ds%2525253Ah32%25255Ehidden%25253Db%2525253A1%25255Ewidth%25253Dn%2525253A100%255Eo%25253Aid%25253Ds%2525253Ah33%25255Ehidden%25253Db%2525253A1%25255Ewidth%25253Dn%2525253A100%255Eo%25253Aid%25253Ds%2525253Ah34%25255Ehidden%25253Db%2525253A1%25255Ewidth%25253Dn%2525253A100%255Eo%25253Aid%25253Ds%2525253Ah35%25255Ehidden%25253Db%2525253A1%25255Ewidth%25253Dn%2525253A100%255Eo%25253Aid%25253Ds%2525253Ah36%25255Ehidden%25253Db%2525253A1%25255Ewidth%25253Dn%2525253A100%255Eo%25253Aid%25253Ds%2525253Ah37%25255Ehidden%25253Db%2525253A1%25255Ewidth%25253Dn%2525253A100%255Eo%25253Aid%25253Ds%2525253Ah38%25255Ehidden%25253Db%2525253A1%25255Ewidth%25253Dn%2525253A100%255Eo%25253Aid%25253Ds%2525253Ah39%25255Ehidden%25253Db%2525253A1%25255Ewidth%25253Dn%2525253A100%255Eo%25253Aid%25253Ds%2525253Ah40%25255Ehidden%25253Db%2525253A1%25255Ewidth%25253Dn%2525253A100%255Eo%25253Aid%25253Ds%2525253Ah41%25255Ehidden%25253Db%2525253A1%25255Ewidth%25253Dn%2525253A100%255Eo%25253Aid%25253Ds%2525253Ah42%25255Ehidden%25253Db%2525253A1%25255Ewidth%25253Dn%2525253A100%255Eo%25253Aid%25253Ds%2525253Ah43%25255Ehidden%25253Db%2525253A1%25255Ewidth%25253Dn%2525253A100%255Eo%25253Aid%25253Ds%2525253Ah44%25255Ehidden%25253Db%2525253A1%25255Ewidth%25253Dn%2525253A100%255Eo%25253Aid%25253Ds%2525253Ah45%25255Ehidden%25253Db%2525253A1%25255Ewidth%25253Dn%2525253A100%255Eo%25253Aid%25253Ds%2525253Ah46%25255Ehidden%25253Db%2525253A1%25255Ewidth%25253Dn%2525253A100%255Eo%25253Aid%25253Ds%2525253Ah47%25255Ehidden%25253Db%2525253A1%25255Ewidth%25253Dn%2525253A100"
               }
            ],
            "title": "Selext a K8S node",
            "type": "ResourceList"
         },
         {
            "collapsed": false,
            "config": {
               "chartViewItems": [],
               "isUpdatedView": true,
               "refreshContent": {"refreshContent": true},
               "refreshInterval": 300,
               "resource": null,
               "selectFirstRow": {"selectFirstRow": false},
               "selfProvider": {"selfProvider": false},
               "title": "Pod Cost for selected node",
               "traversalSpecId": "",
               "viewDefinitionId": "3b78b20f-70cf-4732-83fd-3107db63610e"
            },
            "gridsterCoords": {
               "h": 20,
               "w": 4,
               "x": 5,
               "y": 1
            },
            "height": 1121,
            "id": "664a9539-329a-4c5e-b279-dfb8a5a8d809",
            "states": [
               {
                  "key": "permSelectedDate_widget_32adb349-c1fe-4c6d-91aa-901dcab55d4e_664a9539-329a-4c5e-b279-dfb8a5a8d809",
                  "value": "s%3A%7B%22minType%22%3A%22.TimeIntervalControl%22%2C%22count%22%3A%227%22%2C%22unit%22%3A%22DAYS%22%7D"
               },
               {
                  "key": "perm_toolbarVisible_widget_32adb349-c1fe-4c6d-91aa-901dcab55d4e_664a9539-329a-4c5e-b279-dfb8a5a8d809",
                  "value": "b%3A1"
               }
            ],
            "title": "Pod Cost for selected node",
            "type": "View"
         },
         {
            "collapsed": false,
            "config": {
               "chartViewItems": [],
               "isUpdatedView": true,
               "refreshContent": {"refreshContent": true},
               "refreshInterval": 300,
               "resource": {
                  "id": "Ext.vcops.chrome.model.Resource-14",
                  "resourceId": "resource:id:3_::_",
                  "resourceKindId": "002017KubernetesAdapterK8S-World",
                  "resourceName": "K8S-World",
                  "traversalSpecId": ""
               },
               "selectFirstRow": {"selectFirstRow": false},
               "selfProvider": {"selfProvider": true},
               "title": "Instant Cost per NameSpace",
               "traversalSpecId": null,
               "viewDefinitionId": "02d860bc-f295-418a-9b4d-d3b098395b01"
            },
            "gridsterCoords": {
               "h": 20,
               "w": 4,
               "x": 9,
               "y": 1
            },
            "height": 1121,
            "id": "fe76652f-80f3-4e85-af6f-0d97e9af1f23",
            "states": [
               {
                  "key": "permSelectedDate_widget_32adb349-c1fe-4c6d-91aa-901dcab55d4e_fe76652f-80f3-4e85-af6f-0d97e9af1f23",
                  "value": "s%3A%7B%22minType%22%3A%22.TimeIntervalControl%22%2C%22advancedTimeMode%22%3Afalse%2C%22fromTime%22%3Anull%2C%22unit%22%3A%22DAYS%22%2C%22count%22%3A7%2C%22priorUnit%22%3Anull%2C%22priorCount%22%3Anull%2C%22startSubUnit%22%3Anull%2C%22startPeriod%22%3Anull%2C%22toTime%22%3Anull%2C%22endUnit%22%3Anull%2C%22endCount%22%3Anull%2C%22endSubUnit%22%3Anull%2C%22endPeriod%22%3Anull%2C%22isRealTimeData%22%3Anull%2C%22mondayHours%22%3Anull%2C%22tuesdayHours%22%3Anull%2C%22wednesdayHours%22%3Anull%2C%22thursdayHours%22%3Anull%2C%22fridayHours%22%3Anull%2C%22saturdayHours%22%3Anull%2C%22sundayHours%22%3Anull%7D"
               },
               {
                  "key": "perm_toolbarVisible_widget_32adb349-c1fe-4c6d-91aa-901dcab55d4e_fe76652f-80f3-4e85-af6f-0d97e9af1f23",
                  "value": "b%3A1"
               }
            ],
            "title": "Instant Cost per NameSpace",
            "type": "View"
         },
         {
            "collapsed": false,
            "config": {
               "chartViewItems": [],
               "isUpdatedView": true,
               "refreshContent": {"refreshContent": true},
               "refreshInterval": 300,
               "resource": {
                  "id": "Ext.vcops.chrome.model.Resource-13",
                  "resourceId": "resource:id:3_::_",
                  "resourceKindId": "002017KubernetesAdapterK8S-World",
                  "resourceName": "K8S-World",
                  "traversalSpecId": ""
               },
               "selectFirstRow": {"selectFirstRow": false},
               "selfProvider": {"selfProvider": true},
               "title": "Instant cost by label (tito-fe cost)",
               "traversalSpecId": null,
               "viewDefinitionId": "9a7464a7-c812-4221-b1ac-f86cfd63b7fd"
            },
            "gridsterCoords": {
               "h": 6,
               "w": 4,
               "x": 1,
               "y": 15
            },
            "height": 324,
            "id": "821d944f-d532-443d-806b-858a9ec4aa34",
            "title": "Instant cost by label (tito-fe cost)",
            "type": "View"
         },
         {
            "collapsed": false,
            "config": {
               "chartViewItems": [],
               "isUpdatedView": true,
               "refreshContent": {"refreshContent": true},
               "refreshInterval": 300,
               "resource": {
                  "id": "Ext.vcops.chrome.model.Resource-22",
                  "resourceId": "resource:id:3_::_",
                  "resourceKindId": "002017KubernetesAdapterK8S-World",
                  "resourceName": "K8S-World",
                  "traversalSpecId": ""
               },
               "selectFirstRow": {"selectFirstRow": false},
               "selfProvider": {"selfProvider": true},
               "title": "K8S cluster - Total Pod Daily Cost",
               "traversalSpecId": null,
               "viewDefinitionId": "cf30266a-f53f-4712-9360-9efdd54432d3"
            },
            "gridsterCoords": {
               "h": 7,
               "w": 4,
               "x": 1,
               "y": 8
            },
            "height": 381,
            "id": "2ecf098c-ee98-4707-b4c6-1dd179c43ad8",
            "title": "K8S cluster - Total Pod Daily Cost",
            "type": "View"
         }
      ]
   }],
   "entries": {"resource": [
      {
         "adapterKindKey": "KubernetesAdapter",
         "identifiers": [
            {
               "key": "ID1",
               "value": "172.17.1.60"
            },
            {
               "key": "ID2",
               "value": "vra-006634.cpod-vrealize.az-fkd.cloud-garage.net"
            }
         ],
         "internalId": "resource:id:1_::_",
         "name": "vra-006634.cpod-vrealize.az-fkd.cloud-garage.net",
         "resourceKindKey": "K8S-Minion"
      },
      {
         "adapterKindKey": "KubernetesAdapter",
         "identifiers": [
            {
               "key": "ID1",
               "value": "172.17.1.60"
            },
            {
               "key": "ID2",
               "value": "vra-006635.cpod-vrealize.az-fkd.cloud-garage.net"
            }
         ],
         "internalId": "resource:id:0_::_",
         "name": "vra-006635.cpod-vrealize.az-fkd.cloud-garage.net",
         "resourceKindKey": "K8S-Minion"
      },
      {
         "adapterKindKey": "KubernetesAdapter",
         "identifiers": [
            {
               "key": "ID1",
               "value": "172.17.1.60"
            },
            {
               "key": "ID2",
               "value": "vra-006636.cpod-vrealize.az-fkd.cloud-garage.net"
            }
         ],
         "internalId": "resource:id:2_::_",
         "name": "vra-006636.cpod-vrealize.az-fkd.cloud-garage.net",
         "resourceKindKey": "K8S-Minion"
      },
      {
         "adapterKindKey": "KubernetesAdapter",
         "identifiers": [],
         "internalId": "resource:id:3_::_",
         "name": "K8S-World",
         "resourceKindKey": "K8S-World"
      }
   ]},
   "uuid": "7c75e222-97e7-4a0d-85fd-c17b8e3cb76c"
}