<?xml version="1.0" encoding="UTF-8" standalone="yes"?>
<Content>
    <Views>
        <ViewDef id="cf30266a-f53f-4712-9360-9efdd54432d3">
            <Title>Alex -2- K8S Cluster - Total Daily Cost of Pods</Title>
            <Description>cout de tous les pods, daily</Description>
            <SubjectType adapterKind="KubernetesAdapter" resourceKind="K8S-Pod" type="descendant"/>
            <SubjectType adapterKind="KubernetesAdapter" resourceKind="K8S-Pod" type="self"/>
            <Usage>dashboard</Usage>
            <Usage>report</Usage>
            <Usage>details</Usage>
            <Usage>content</Usage>
            <Controls>
                <Control id="time-interval-selector_id_216" type="time-interval-selector" visible="false">
                    <Property name="advancedTimeMode" value="false"/>
                    <Property name="unit" value="DAYS"/>
                    <Property name="count" value="1"/>
                </Control>
                <Control id="attributes-selector_id_217" type="attributes-selector" visible="false">
                    <Property name="attributeInfos">
                        <List>
                            <Item>
<Value>
    <Property name="objectType" value="RESOURCE"/>
    <Property name="attributeKey" value="Super Metric|sm_e8321b41-c841-4a6c-981a-9a4bd77474c1"/>
    <Property name="id" value="extModel75936-1"/>
    <Property name="preferredUnitId" value="currency"/>
    <Property name="isStringAttribute" value="false"/>
    <Property name="adapterKind" value="KubernetesAdapter"/>
    <Property name="resourceKind" value="K8S-Pod"/>
    <Property name="rollUpType" value="NONE"/>
    <Property name="rollUpCount" value="0"/>
    <Property name="transformations">
        <List>
            <Item value="CURRENT"/>
        </List>
    </Property>
    <Property name="isProperty" value="false"/>
    <Property name="displayName" value="Total current cost of Pods"/>
    <Property name="addTimestampAsColumn" value="false"/>
    <Property name="isShowRelativeTimestamp" value="false"/>
</Value>
                            </Item>
                            <Item>
<Value>
    <Property name="objectType" value="RESOURCE"/>
    <Property name="attributeKey" value="Super Metric|sm_e8321b41-c841-4a6c-981a-9a4bd77474c1"/>
    <Property name="id" value="extModel71204-1"/>
    <Property name="preferredUnitId" value="currency"/>
    <Property name="isStringAttribute" value="false"/>
    <Property name="adapterKind" value="KubernetesAdapter"/>
    <Property name="resourceKind" value="K8S-Pod"/>
    <Property name="rollUpType" value="NONE"/>
    <Property name="rollUpCount" value="0"/>
    <Property name="transformations">
        <List>
            <Item value="AVG"/>
        </List>
    </Property>
    <Property name="isProperty" value="false"/>
    <Property name="displayName" value="Total Daily cost of Pods"/>
    <Property name="addTimestampAsColumn" value="false"/>
    <Property name="isShowRelativeTimestamp" value="false"/>
</Value>
                            </Item>
                        </List>
                    </Property>
                    <Property name="summaryInfos">
                        <List>
                            <Item>
<Value>
    <Property name="displayName" value="Summary"/>
    <Property name="aggregation" value="SUM"/>
    <Property name="attributeIndexes">
        <List>
            <Item value="0"/>
            <Item value="1"/>
        </List>
    </Property>
</Value>
                            </Item>
                        </List>
                    </Property>
                </Control>
                <Control id="pagination-control_id_218" type="pagination-control" visible="true">
                    <Property name="start" value="0"/>
                    <Property name="size" value="50"/>
                </Control>
            </Controls>
            <DataProviders>
                <DataProvider dataType="list-view" id="list-view_id_215"/>
            </DataProviders>
            <Presentation type="summary"/>
        </ViewDef>
    </Views>
</Content>
