{
   "dashboards": [{
      "autoswitchEnabled": false,
      "columnCount": 1,
      "columnProportion": "1-1",
      "creationTime": 1645436446871,
      "dashboardNavigations": {},
      "description": "",
      "disabled": false,
      "gridsterMaxColumns": 12,
      "hidden": false,
      "homeTab": false,
      "id": "2ef32e98-9d73-4b9b-9d86-20008cb8cb2f",
      "importAttempts": 0,
      "importComplete": true,
      "lastUpdateTime": 1645440631066,
      "lastUpdateUserId": "ecd92cea-a19e-4d13-8615-35d2c26b391b",
      "locked": false,
      "name": "Alex -2- K8S COST TRBLSHT",
      "rank": 0,
      "shared": false,
      "states": [{
         "key": "permDashboardTime_dashboard_2ef32e98-9d73-4b9b-9d86-20008cb8cb2f",
         "value": "o%3AdateRange%3Ds%253Alast6Hour%5EdateRangeText%3Ds%253A6H"
      }],
      "temporary": false,
      "userId": "ecd92cea-a19e-4d13-8615-35d2c26b391b",
      "widgetInteractions": [
         {
            "type": "resourceId",
            "widgetIdProvider": "a8f1ed45-7f7e-4dcb-a07e-8815315e7d05",
            "widgetIdReceiver": "6f7f59f8-4277-4820-abf5-424d3ccc789d"
         },
         {
            "type": "resourceId",
            "widgetIdProvider": "a8f1ed45-7f7e-4dcb-a07e-8815315e7d05",
            "widgetIdReceiver": "10f7aad3-e326-4f97-b40b-21169a7bcc0e"
         },
         {
            "type": "resourceId",
            "widgetIdProvider": "10f7aad3-e326-4f97-b40b-21169a7bcc0e",
            "widgetIdReceiver": "14f442dd-d8a4-4168-92f3-5e05e18e74fd"
         },
         {
            "type": "resourceId",
            "widgetIdProvider": "10f7aad3-e326-4f97-b40b-21169a7bcc0e",
            "widgetIdReceiver": "a8cb6f45-524d-498f-89fb-c64ed01408f6"
         },
         {
            "type": "resourceId",
            "widgetIdProvider": "10f7aad3-e326-4f97-b40b-21169a7bcc0e",
            "widgetIdReceiver": "81681688-dab9-4455-a886-929c8cd259b5"
         },
         {
            "type": "resourceId",
            "widgetIdProvider": "10f7aad3-e326-4f97-b40b-21169a7bcc0e",
            "widgetIdReceiver": "c2aa2ec4-0fec-4d79-a201-5cb6547da06a"
         },
         {
            "type": "resourceId",
            "widgetIdProvider": "a8f1ed45-7f7e-4dcb-a07e-8815315e7d05",
            "widgetIdReceiver": "105b2d78-9c53-4155-a7b2-0f35c2682dd3"
         },
         {
            "type": "resourceId",
            "widgetIdProvider": "a8f1ed45-7f7e-4dcb-a07e-8815315e7d05",
            "widgetIdReceiver": "2d4776df-4263-42ee-ba07-86a5de15fd83"
         },
         {
            "type": "resourceId",
            "widgetIdProvider": "a8f1ed45-7f7e-4dcb-a07e-8815315e7d05",
            "widgetIdReceiver": "9f5d11c5-e3c7-4ec2-bb02-d611fd391566"
         },
         {
            "type": "resourceId",
            "widgetIdProvider": "a8f1ed45-7f7e-4dcb-a07e-8815315e7d05",
            "widgetIdReceiver": "43d3fd2b-12f0-474b-81f6-f3b32cc3cd7e"
         },
         {
            "type": "resourceId",
            "widgetIdProvider": "10f7aad3-e326-4f97-b40b-21169a7bcc0e",
            "widgetIdReceiver": "f0e1ed67-c22b-4c4e-b457-28fdc8d9f985"
         }
      ],
      "widgets": [
         {
            "collapsed": false,
            "config": {
               "additionalColumns": [
                  {
                     "boxLabel": "",
                     "metricKey": "Super Metric|sm_94cd9318-ea47-4fec-964c-e27be5cf3c2b",
                     "metricName": "Super Metrics|Alex -2- POD - CPU % usage vs node (%)",
                     "resourceKindId": "resourceKind:id:0_::_"
                  },
                  {
                     "boxLabel": "",
                     "metricKey": "Super Metric|sm_df14dd95-0e2d-4314-8c63-23f734da7bfa",
                     "metricName": "Super Metrics|Alex -2- POD - MEM % usage vs node (%)",
                     "resourceKindId": "resourceKind:id:0_::_"
                  },
                  {
                     "boxLabel": "",
                     "metricKey": "Super Metric|sm_3cf272d8-c190-4d13-8352-4abb1f665ed6",
                     "metricName": "Super Metrics|Alex -2- POD - STO % usage vs node (%)",
                     "resourceKindId": "resourceKind:id:0_::_"
                  }
               ],
               "customFilter": {
                  "excludedResources": null,
                  "filter": [],
                  "includedResources": null
               },
               "depth": 1,
               "filterMode": "tagPicker",
               "mode": "all",
               "refreshContent": {"refreshContent": true},
               "refreshInterval": 300,
               "relationshipMode": {"relationshipMode": 0},
               "resource": [],
               "selectFirstRow": {"selectFirstRow": false},
               "selfProvider": {"selfProvider": true},
               "tagFilter": {
                  "path": [
                     "/source/instanceKind/instanceKind:resourceKind:id:1_::_/adapterInstance:resource:id:0_::_",
                     "/source/kind/kind:resourceKind:id:0_::_"
                  ],
                  "value": {
                     "adapterInstance": ["resource:id:0_::_"],
                     "adapterKind": [],
                     "bus": [],
                     "collector": [],
                     "day": [],
                     "exclaim": false,
                     "healthRange": [],
                     "kind": ["resourceKind:id:0_::_"],
                     "maintenanceSchedule": [],
                     "state": [],
                     "status": [],
                     "tag": [],
                     "tier": []
                  }
               },
               "title": "Object List"
            },
            "gridsterCoords": {
               "h": 11,
               "w": 8,
               "x": 1,
               "y": 1
            },
            "height": 608,
            "id": "a8f1ed45-7f7e-4dcb-a07e-8815315e7d05",
            "states": [
               {
                  "key": "permResGrid_widget_2ef32e98-9d73-4b9b-9d86-20008cb8cb2f_a8f1ed45-7f7e-4dcb-a07e-8815315e7d05",
                  "value": "o%3Acolumns%3Da%253Ao%25253Aid%25253Ds%2525253Ah1%25255Ehidden%25253Db%2525253A1%25255Ewidth%25253Dn%2525253A100%255Eo%25253Aid%25253Ds%2525253Ah2%255Eo%25253Aid%25253Ds%2525253Ah3%25255Ehidden%25253Db%2525253A1%25255Ewidth%25253Dn%2525253A100%255Eo%25253Aid%25253Ds%2525253Ah4%255Eo%25253Aid%25253Ds%2525253Ah5%255Eo%25253Aid%25253Ds%2525253Ah6%255Eo%25253Aid%25253Ds%2525253Ah7%25255Ehidden%25253Db%2525253A1%25255Ewidth%25253Dn%2525253A100%255Eo%25253Aid%25253Ds%2525253Ah8%25255Ehidden%25253Db%2525253A1%25255Ewidth%25253Dn%2525253A100%255Eo%25253Aid%25253Ds%2525253Ah9%25255Ehidden%25253Db%2525253A1%25255Ewidth%25253Dn%2525253A100%255Eo%25253Aid%25253Ds%2525253Ah10%25255Ehidden%25253Db%2525253A1%25255Ewidth%25253Dn%2525253A100%255Eo%25253Aid%25253Ds%2525253Ah11%25255Ehidden%25253Db%2525253A1%25255Ewidth%25253Dn%2525253A100%255Eo%25253Aid%25253Ds%2525253Ah12%25255Ehidden%25253Db%2525253A1%25255Ewidth%25253Dn%2525253A100%255Eo%25253Aid%25253Ds%2525253Ah13%25255Ehidden%25253Db%2525253A1%25255Ewidth%25253Dn%2525253A100%255Eo%25253Aid%25253Ds%2525253Ah14%255Eo%25253Aid%25253Ds%2525253Ah15%25255Ehidden%25253Db%2525253A0%255Eo%25253Aid%25253Ds%2525253Ah16%25255Ehidden%25253Db%2525253A1%25255Ewidth%25253Dn%2525253A100%255Eo%25253Aid%25253Ds%2525253AresourceRating%25255Ehidden%25253Db%2525253A1%255Eo%25253Aid%25253Ds%2525253Ah18%25255Ehidden%25253Db%2525253A0%25255Ewidth%25253Dn%2525253A100%255Eo%25253Aid%25253Ds%2525253Ah19%25255Ehidden%25253Db%2525253A0%25255Ewidth%25253Dn%2525253A100%255Eo%25253Aid%25253Ds%2525253Ah20%25255Ehidden%25253Db%2525253A0%25255Ewidth%25253Dn%2525253A100%255Eo%25253Aid%25253Ds%2525253Ah21%25255Ehidden%25253Db%2525253A1%25255Ewidth%25253Dn%2525253A100%255Eo%25253Aid%25253Ds%2525253Ah22%25255Ehidden%25253Db%2525253A1%25255Ewidth%25253Dn%2525253A100%255Eo%25253Aid%25253Ds%2525253Ah23%25255Ehidden%25253Db%2525253A1%25255Ewidth%25253Dn%2525253A100%255Eo%25253Aid%25253Ds%2525253Ah24%25255Ehidden%25253Db%2525253A1%25255Ewidth%25253Dn%2525253A100%255Eo%25253Aid%25253Ds%2525253Ah25%25255Ehidden%25253Db%2525253A1%25255Ewidth%25253Dn%2525253A100%255Eo%25253Aid%25253Ds%2525253Ah26%25255Ehidden%25253Db%2525253A1%25255Ewidth%25253Dn%2525253A100%255Eo%25253Aid%25253Ds%2525253Ah27%25255Ehidden%25253Db%2525253A1%25255Ewidth%25253Dn%2525253A100%255Eo%25253Aid%25253Ds%2525253Ah28%25255Ehidden%25253Db%2525253A1%25255Ewidth%25253Dn%2525253A100%255Eo%25253Aid%25253Ds%2525253Ah29%25255Ehidden%25253Db%2525253A1%25255Ewidth%25253Dn%2525253A100%255Eo%25253Aid%25253Ds%2525253Ah30%25255Ehidden%25253Db%2525253A1%25255Ewidth%25253Dn%2525253A100%255Eo%25253Aid%25253Ds%2525253Ah31%25255Ehidden%25253Db%2525253A1%25255Ewidth%25253Dn%2525253A100%255Eo%25253Aid%25253Ds%2525253Ah32%25255Ehidden%25253Db%2525253A1%25255Ewidth%25253Dn%2525253A100%255Eo%25253Aid%25253Ds%2525253Ah33%25255Ehidden%25253Db%2525253A1%25255Ewidth%25253Dn%2525253A100%255Eo%25253Aid%25253Ds%2525253Ah34%25255Ehidden%25253Db%2525253A1%25255Ewidth%25253Dn%2525253A100%255Eo%25253Aid%25253Ds%2525253Ah35%25255Ehidden%25253Db%2525253A1%25255Ewidth%25253Dn%2525253A100%255Eo%25253Aid%25253Ds%2525253Ah36%25255Ehidden%25253Db%2525253A1%25255Ewidth%25253Dn%2525253A100%255Eo%25253Aid%25253Ds%2525253Ah37%25255Ehidden%25253Db%2525253A1%25255Ewidth%25253Dn%2525253A100%255Eo%25253Aid%25253Ds%2525253Ah38%25255Ehidden%25253Db%2525253A1%25255Ewidth%25253Dn%2525253A100%255Eo%25253Aid%25253Ds%2525253Ah39%25255Ehidden%25253Db%2525253A1%25255Ewidth%25253Dn%2525253A100%255Eo%25253Aid%25253Ds%2525253Ah40%25255Ehidden%25253Db%2525253A1%25255Ewidth%25253Dn%2525253A100%255Eo%25253Aid%25253Ds%2525253Ah41%25255Ehidden%25253Db%2525253A1%25255Ewidth%25253Dn%2525253A100%255Eo%25253Aid%25253Ds%2525253Ah42%25255Ehidden%25253Db%2525253A1%25255Ewidth%25253Dn%2525253A100%255Eo%25253Aid%25253Ds%2525253Ah43%25255Ehidden%25253Db%2525253A1%25255Ewidth%25253Dn%2525253A100%255Eo%25253Aid%25253Ds%2525253Ah44%25255Ehidden%25253Db%2525253A1%25255Ewidth%25253Dn%2525253A100%255Eo%25253Aid%25253Ds%2525253Ah45%25255Ehidden%25253Db%2525253A1%25255Ewidth%25253Dn%2525253A100%255Eo%25253Aid%25253Ds%2525253Ah46%25255Ehidden%25253Db%2525253A1%25255Ewidth%25253Dn%2525253A100%255Eo%25253Aid%25253Ds%2525253Ah47%25255Ehidden%25253Db%2525253A1%25255Ewidth%25253Dn%2525253A100%5EstoreState%3Do%253Asorters%253Da%25253Ao%2525253Aroot%2525253Ds%252525253Adata%2525255Eproperty%2525253Ds%252525253AmetricValue_%252525253A%252525253A_Super%2525252520Metric%252525257Csm_94cd9318-ea47-4fec-964c-e27be5cf3c2b%2525255Edirection%2525253Ds%252525253ADESC%2525255Eid%2525253Ds%252525253AmetricValue_%252525253A%252525253A_Super%2525252520Metric%252525257Csm_94cd9318-ea47-4fec-964c-e27be5cf3c2b"
               },
               {
                  "key": "perm_toolbarVisible_widget_2ef32e98-9d73-4b9b-9d86-20008cb8cb2f_a8f1ed45-7f7e-4dcb-a07e-8815315e7d05",
                  "value": "b%3A1"
               }
            ],
            "title": "Object List",
            "type": "ResourceList"
         },
         {
            "collapsed": false,
            "config": {
               "imageType": "circle",
               "metricKey": "Super Metric|sm_8255a332-1537-457e-89e6-339489bab945",
               "metricType": {"metricType": "custom"},
               "metricUnit": -1,
               "metricValue": "Alex -2- POD - CPU - Cost (\u20ac)",
               "refreshContent": {"refreshContent": true},
               "refreshInterval": 300,
               "resourceKindId": "resourceKind:id:0_::_",
               "resources": [],
               "selfProvider": {"selfProvider": false},
               "title": "Pod CPU Cost"
            },
            "gridsterCoords": {
               "h": 4,
               "w": 1,
               "x": 1,
               "y": 12
            },
            "height": 210,
            "id": "6f7f59f8-4277-4820-abf5-424d3ccc789d",
            "title": "Pod CPU Cost",
            "type": "ScoreboardHealth"
         },
         {
            "collapsed": false,
            "config": {
               "customFilter": {
                  "excludedResources": null,
                  "filter": [],
                  "includedResources": null
               },
               "depth": "3,1",
               "filterMode": "tagPicker",
               "refreshContent": {"refreshContent": true},
               "refreshInterval": 300,
               "resourceId": null,
               "resourceName": null,
               "selfProvider": {"selfProvider": false},
               "tagFilter": {
                  "path": [
                     "/source/kind/kind:resourceKind:id:2_::_",
                     "/source/kind/kind:resourceKind:id:0_::_",
                     "/source/kind/kind:resourceKind:id:3_::_"
                  ],
                  "value": {
                     "adapterInstance": [],
                     "adapterKind": [],
                     "bus": [],
                     "collector": [],
                     "day": [],
                     "exclaim": false,
                     "healthRange": [],
                     "kind": [
                        "resourceKind:id:2_::_",
                        "resourceKind:id:0_::_",
                        "resourceKind:id:3_::_"
                     ],
                     "maintenanceSchedule": [],
                     "state": [],
                     "status": [],
                     "tag": [],
                     "tier": []
                  }
               },
               "title": "Object Relationship (Advanced)",
               "traversalSpecId": ""
            },
            "gridsterCoords": {
               "h": 3,
               "w": 4,
               "x": 9,
               "y": 1
            },
            "height": 152,
            "id": "10f7aad3-e326-4f97-b40b-21169a7bcc0e",
            "states": [
               {
                  "key": "perm_toolbarVisible_widget_2ef32e98-9d73-4b9b-9d86-20008cb8cb2f_10f7aad3-e326-4f97-b40b-21169a7bcc0e",
                  "value": "b%3A0"
               },
               {
                  "key": "perm_ResourceRelationshipTree_widget_2ef32e98-9d73-4b9b-9d86-20008cb8cb2f_10f7aad3-e326-4f97-b40b-21169a7bcc0e",
                  "value": "o%3A"
               },
               {
                  "key": "perm_viewerType_widget_2ef32e98-9d73-4b9b-9d86-20008cb8cb2f_10f7aad3-e326-4f97-b40b-21169a7bcc0e",
                  "value": "s%3ArelationshipTopology"
               }
            ],
            "title": "Object Relationship (Advanced)",
            "type": "ResourceRelationshipAdvanced"
         },
         {
            "collapsed": false,
            "config": {
               "imageType": "circle",
               "metricKey": "cost|effectiveDailyCpuCost",
               "metricType": {"metricType": "custom"},
               "metricUnit": -1,
               "metricValue": "Effective Daily CPU Cost (\u20ac)",
               "refreshContent": {"refreshContent": true},
               "refreshInterval": 300,
               "resourceKindId": "resourceKind:id:3_::_",
               "resources": [],
               "selfProvider": {"selfProvider": false},
               "title": "VM CPU Cost"
            },
            "gridsterCoords": {
               "h": 4,
               "w": 1,
               "x": 9,
               "y": 4
            },
            "height": 209,
            "id": "14f442dd-d8a4-4168-92f3-5e05e18e74fd",
            "title": "VM CPU Cost",
            "type": "ScoreboardHealth"
         },
         {
            "collapsed": false,
            "config": {
               "imageType": "circle",
               "metricKey": "cost|effectiveDailyMemoryCost",
               "metricType": {"metricType": "custom"},
               "metricUnit": -1,
               "metricValue": "Effective Daily Memory Cost (\u20ac)",
               "refreshContent": {"refreshContent": true},
               "refreshInterval": 300,
               "resourceKindId": "resourceKind:id:3_::_",
               "resources": [],
               "selfProvider": {"selfProvider": false},
               "title": "VM MEM Cost"
            },
            "gridsterCoords": {
               "h": 4,
               "w": 1,
               "x": 10,
               "y": 4
            },
            "height": 209,
            "id": "a8cb6f45-524d-498f-89fb-c64ed01408f6",
            "title": "VM MEM Cost",
            "type": "ScoreboardHealth"
         },
         {
            "collapsed": false,
            "config": {
               "imageType": "circle",
               "metricKey": "cost|effectiveDailyStorageCost",
               "metricType": {"metricType": "custom"},
               "metricUnit": -1,
               "metricValue": "Effective Daily Storage Cost (\u20ac)",
               "refreshContent": {"refreshContent": true},
               "refreshInterval": 300,
               "resourceKindId": "resourceKind:id:3_::_",
               "resources": [],
               "selfProvider": {"selfProvider": false},
               "title": "VM STO Cost"
            },
            "gridsterCoords": {
               "h": 4,
               "w": 1,
               "x": 11,
               "y": 4
            },
            "height": 209,
            "id": "81681688-dab9-4455-a886-929c8cd259b5",
            "title": "VM STO Cost",
            "type": "ScoreboardHealth"
         },
         {
            "collapsed": false,
            "config": {
               "imageType": "circle",
               "metricKey": "cost|dailyAdditionalCost",
               "metricType": {"metricType": "custom"},
               "metricUnit": -1,
               "metricValue": "Daily Additional Cost (\u20ac)",
               "refreshContent": {"refreshContent": false},
               "refreshInterval": 300,
               "resourceKindId": "resourceKind:id:3_::_",
               "resources": [],
               "selfProvider": {"selfProvider": false},
               "title": "VM ADD Cost"
            },
            "gridsterCoords": {
               "h": 4,
               "w": 1,
               "x": 12,
               "y": 4
            },
            "height": 209,
            "id": "c2aa2ec4-0fec-4d79-a201-5cb6547da06a",
            "title": "VM ADD Cost",
            "type": "ScoreboardHealth"
         },
         {
            "collapsed": false,
            "config": {
               "imageType": "circle",
               "metricKey": "Super Metric|sm_ec51af72-6e92-4422-9e93-2ea2d4a68bef",
               "metricType": {"metricType": "custom"},
               "metricUnit": -1,
               "metricValue": "Alex -2- POD - MEM - Cost (\u20ac)",
               "refreshContent": {"refreshContent": true},
               "refreshInterval": 300,
               "resourceKindId": "resourceKind:id:0_::_",
               "resources": [],
               "selfProvider": {"selfProvider": false},
               "title": "Pod MEM Cost"
            },
            "gridsterCoords": {
               "h": 4,
               "w": 1,
               "x": 2,
               "y": 12
            },
            "height": 210,
            "id": "105b2d78-9c53-4155-a7b2-0f35c2682dd3",
            "title": "Pod MEM Cost",
            "type": "ScoreboardHealth"
         },
         {
            "collapsed": false,
            "config": {
               "imageType": "circle",
               "metricKey": "Super Metric|sm_8c7fb6f0-277b-434c-80c8-75533f3d4631",
               "metricType": {"metricType": "custom"},
               "metricUnit": -1,
               "metricValue": "Alex -2- POD - STO - Cost (\u20ac)",
               "refreshContent": {"refreshContent": true},
               "refreshInterval": 300,
               "resourceKindId": "resourceKind:id:0_::_",
               "resources": [],
               "selfProvider": {"selfProvider": false},
               "title": "Pod STO Cost"
            },
            "gridsterCoords": {
               "h": 4,
               "w": 1,
               "x": 3,
               "y": 12
            },
            "height": 210,
            "id": "2d4776df-4263-42ee-ba07-86a5de15fd83",
            "title": "Pod STO Cost",
            "type": "ScoreboardHealth"
         },
         {
            "collapsed": false,
            "config": {
               "imageType": "circle",
               "metricKey": "Super Metric|sm_e8321b41-c841-4a6c-981a-9a4bd77474c1",
               "metricType": {"metricType": "custom"},
               "metricUnit": -1,
               "metricValue": "Alex -2- POD - Cost POD (\u20ac)",
               "refreshContent": {"refreshContent": true},
               "refreshInterval": 300,
               "resourceKindId": "resourceKind:id:0_::_",
               "resources": [],
               "selfProvider": {"selfProvider": false},
               "title": "POD TOTAL COST"
            },
            "gridsterCoords": {
               "h": 4,
               "w": 3,
               "x": 4,
               "y": 12
            },
            "height": 210,
            "id": "9f5d11c5-e3c7-4ec2-bb02-d611fd391566",
            "title": "POD TOTAL COST",
            "type": "ScoreboardHealth"
         },
         {
            "collapsed": false,
            "config": {
               "customFilter": {
                  "excludedResources": null,
                  "filter": [],
                  "includedResources": null
               },
               "depth": 1,
               "metric": {
                  "mode": "resourceKind",
                  "resourceKindMetrics": [
                     {
                        "colorMethod": 2,
                        "handleOldColoring": false,
                        "id": "extModel2745-1",
                        "isStringMetric": false,
                        "metricKey": "Super Metric|sm_8255a332-1537-457e-89e6-339489bab945",
                        "metricName": "Super Metrics|Alex -2- POD - CPU - Cost",
                        "metricUnitId": "currency",
                        "orangeBound": null,
                        "redBound": null,
                        "resourceKindId": "resourceKind:id:0_::_",
                        "resourceKindName": "Kubernetes Pod",
                        "unit": "\u20ac",
                        "yellowBound": null
                     },
                     {
                        "colorMethod": 2,
                        "handleOldColoring": false,
                        "id": "extModel2745-3",
                        "isStringMetric": false,
                        "metricKey": "Super Metric|sm_ec51af72-6e92-4422-9e93-2ea2d4a68bef",
                        "metricName": "Super Metrics|Alex -2- POD - MEM - Cost",
                        "metricUnitId": "currency",
                        "orangeBound": null,
                        "redBound": null,
                        "resourceKindId": "resourceKind:id:0_::_",
                        "resourceKindName": "Kubernetes Pod",
                        "unit": "\u20ac",
                        "yellowBound": null
                     },
                     {
                        "colorMethod": 2,
                        "handleOldColoring": false,
                        "id": "extModel2745-4",
                        "isStringMetric": false,
                        "metricKey": "Super Metric|sm_8c7fb6f0-277b-434c-80c8-75533f3d4631",
                        "metricName": "Super Metrics|Alex -2- POD - STO - Cost",
                        "metricUnitId": "currency",
                        "orangeBound": null,
                        "redBound": null,
                        "resourceKindId": "resourceKind:id:0_::_",
                        "resourceKindName": "Kubernetes Pod",
                        "unit": "\u20ac",
                        "yellowBound": null
                     },
                     {
                        "colorMethod": 2,
                        "handleOldColoring": false,
                        "id": "extModel2745-2",
                        "isStringMetric": false,
                        "metricKey": "Super Metric|sm_e8321b41-c841-4a6c-981a-9a4bd77474c1",
                        "metricName": "Super Metrics|Alex -2- POD - Cost POD",
                        "metricUnitId": "currency",
                        "orangeBound": null,
                        "redBound": null,
                        "resourceKindId": "resourceKind:id:0_::_",
                        "resourceKindName": "Kubernetes Pod",
                        "unit": "\u20ac",
                        "yellowBound": null
                     }
                  ],
                  "resourceMetrics": [],
                  "subMode": "resourceKindAll"
               },
               "refreshContent": {"refreshContent": true},
               "refreshInterval": 300,
               "relationshipMode": {"relationshipMode": 0},
               "resInteractionMode": null,
               "resource": [],
               "selfProvider": {"selfProvider": false},
               "title": "cout du pod"
            },
            "gridsterCoords": {
               "h": 6,
               "w": 12,
               "x": 1,
               "y": 16
            },
            "height": 324,
            "id": "43d3fd2b-12f0-474b-81f6-f3b32cc3cd7e",
            "states": [
               {
                  "key": "permBtn_splitGraphs_permMetricChart_widget_2ef32e98-9d73-4b9b-9d86-20008cb8cb2f_43d3fd2b-12f0-474b-81f6-f3b32cc3cd7e",
                  "value": "b%3A0"
               },
               {
                  "key": "perm_toolbarVisible_widget_2ef32e98-9d73-4b9b-9d86-20008cb8cb2f_43d3fd2b-12f0-474b-81f6-f3b32cc3cd7e",
                  "value": "b%3A1"
               },
               {
                  "key": "permBtn_stackedGraph_permMetricChart_widget_2ef32e98-9d73-4b9b-9d86-20008cb8cb2f_43d3fd2b-12f0-474b-81f6-f3b32cc3cd7e",
                  "value": "b%3A1"
               },
               {
                  "key": "permDateRange1_permMetricChart_widget_2ef32e98-9d73-4b9b-9d86-20008cb8cb2f_43d3fd2b-12f0-474b-81f6-f3b32cc3cd7e",
                  "value": "s%3A%7B%22dateRange%22%3A%22lastHour%22%2C%22dateFrom%22%3Anull%2C%22dateTo%22%3Anull%2C%22timeFrom%22%3Anull%2C%22timeTo%22%3Anull%7D"
               },
               {
                  "key": "permMetricChart_widget_2ef32e98-9d73-4b9b-9d86-20008cb8cb2f_43d3fd2b-12f0-474b-81f6-f3b32cc3cd7e",
                  "value": "o%3A"
               },
               {
                  "key": "permBtn_pan_permMetricChart_widget_2ef32e98-9d73-4b9b-9d86-20008cb8cb2f_43d3fd2b-12f0-474b-81f6-f3b32cc3cd7e",
                  "value": "b%3A0"
               },
               {
                  "key": "permBtn_zoomAllGraphs_permMetricChart_widget_2ef32e98-9d73-4b9b-9d86-20008cb8cb2f_43d3fd2b-12f0-474b-81f6-f3b32cc3cd7e",
                  "value": "b%3A0"
               }
            ],
            "title": "cout du pod",
            "type": "MetricChart"
         },
         {
            "collapsed": false,
            "config": {
               "imageType": "circle",
               "metricKey": "cost|effectiveDailyCost",
               "metricType": {"metricType": "custom"},
               "metricUnit": -1,
               "metricValue": "Effective Daily Cost (\u20ac)",
               "refreshContent": {"refreshContent": true},
               "refreshInterval": 300,
               "resourceKindId": "resourceKind:id:3_::_",
               "resources": [],
               "selfProvider": {"selfProvider": false},
               "title": "VM Cost"
            },
            "gridsterCoords": {
               "h": 4,
               "w": 4,
               "x": 9,
               "y": 8
            },
            "height": 210,
            "id": "f0e1ed67-c22b-4c4e-b457-28fdc8d9f985",
            "title": "VM Cost",
            "type": "ScoreboardHealth"
         }
      ]
   }],
   "entries": {
      "resource": [{
         "adapterKindKey": "KubernetesAdapter",
         "identifiers": [
            {
               "key": "CADVISOR_DAEMONSET_PORT",
               "value": "31194"
            },
            {
               "key": "CADVISOR_SERVICE",
               "value": "true"
            },
            {
               "key": "K8S_MASTERURL",
               "value": "https://172.17.1.60:6443"
            }
         ],
         "internalId": "resource:id:0_::_",
         "name": "Alex-K8S-v1.21.1",
         "resourceKindKey": "KubernetesAdapter Instance"
      }],
      "resourceKind": [
         {
            "adapterKindKey": "KubernetesAdapter",
            "internalId": "resourceKind:id:1_::_",
            "resourceKindKey": "KubernetesAdapter Instance"
         },
         {
            "adapterKindKey": "VMWARE",
            "internalId": "resourceKind:id:3_::_",
            "resourceKindKey": "VirtualMachine"
         },
         {
            "adapterKindKey": "KubernetesAdapter",
            "internalId": "resourceKind:id:2_::_",
            "resourceKindKey": "K8S-Minion"
         },
         {
            "adapterKindKey": "KubernetesAdapter",
            "internalId": "resourceKind:id:0_::_",
            "resourceKindKey": "K8S-Pod"
         }
      ]
   },
   "uuid": "d3a21396-eb71-4041-8f91-ce97e4667173"
}